{
    "properties": {
        "project_name": {
            "type": "string",
            "default": "some_bundle",
            "description": "What is the name of the bundle you want to create?",
            "order": 1
        },
        "schema_name": {
            "type": "string",
            "default": "some_schema",
            "description": "What is the name of the catalog you want to create?",
            "order": 2
        },
        "extra_task": {
            "type": "string",
            "default": "yes",
            "enum": ["yes", "no"],
            "description": "Add second task",
            "order": 3
        }
    },
    "success_message": "\nYour bundle '{{.project_name}}' has been created."
}
