{
  "source_to_target_definition": {
    "source_entity": {
      "data_store": {
        "type": "catalog",
        "properties": {
          "catalog_name": "dnap_cpg_sales_nghq_dev",
          "schema_name": "raw_volume_test",
          "table_name": null,
          "file_location": "/Volumes/{catalog_name}/{schema_name}/input_test/geo_metav251224.csv",
          "spark_options": {
            "cloudFiles.format": "csv", "header": "true"
          }
        }
      },
      "schema": [
        {
          "column_name": "GEOGRAPHY_KEY",
          "data_type": "int",
          "nullable": true
        },
        {
          "column_name": "GEOGRAPHY_DESCRIPTION",
          "data_type": "string",
          "nullable": true
        },
        {
          "column_name": "OUTLET_NAME",
          "data_type": "string",
          "nullable": true
        },
        {
          "column_name": "PROJECTED_GEOGRAPHY_TYPE_NAME",
          "data_type": "string",
          "nullable": true
        },
        {
          "column_name": "LastModifiedDate",
          "data_type": "timestamp",
          "nullable": true
        },
        {
          "column_name": "TestSchemaEvo",
          "data_type": "string",
          "nullable": true
        }
      ],
      "property": {
        "primary_keys": [],
        "watermark_column": null,
        "initial_watermark_value": null,
        "seq_col": [],
        "except_column_list": []
      }
    },
    "target_definition": {
      "data_store": {
        "type": "catalog",
        "properties": {
          "catalog_name": "dnap_cpg_sales_nghq_dev",
          "schema_name": "raw_circana_test",
          "table_name": "cdc_geo_metav251224",
          "trigger_type": "availableNow",
          "trigger_interval": "",
          "spark_options": {
            "checkpointLocation": "/Volumes/dnap_cpg_sales_nghq_dev/raw_volume_test/checkpoints/geo_metav251224/"
          }
        }
      },
      "schema_transform_map": [
        {
          "column_name": "GEOGRAPHY_KEY",
          "source_column_name": "GEOGRAPHY_KEY",
          "type": "int",
          "derived_expression": ""
        },
        {
          "column_name": "GEOGRAPHY_DESCRIPTION",
          "source_column_name": "GEOGRAPHY_DESCRIPTION",
          "type": "string",
          "derived_expression": ""
        },
        {
          "column_name": "OUTLET_NAME",
          "source_column_name": "OUTLET_NAME",
          "type": "string",
          "derived_expression": ""
        },
        {
          "column_name": "PROJECTED_GEOGRAPHY_TYPE_NAME",
          "source_column_name": "PROJECTED_GEOGRAPHY_TYPE_NAME",
          "type": "string",
          "derived_expression": ""
        },
        {
          "column_name": "LastModifiedDate",
          "source_column_name": "LastModifiedDate",
          "type": "timestamp",
          "derived_expression": ""
        },
        {
          "column_name": "TestSchemaEvo",
          "source_column_name": "TestSchemaEvo",
          "type": "string",
          "derived_expression": ""
        }
      ],
      "property": {
        "primary_keys": [],
        "seq_col": [],
        "partition_col": []
      }
    },
    "table_transform": {
      "dedup": {
        "enabled": true,
        "properties": {
          "keys_override": [
            ""
          ]
        }
      },
      "cdc": {
        "enabled": false,
        "properties": {}
      },
      "load_strategy": {
        "mode": "append"
      }
    },
    "rules": {
      "bronze": {
        "Error": {
          "literal": {
            "rule": ""
          },
          "derived": {
            "rule": ""
          }
        },
        "Warn": {
          "literal": {
            "rule": ""
          },
          "derived": null
        }
      }
    }
  }
}