{
  "source_to_target_definition": {
    "source_entity": {
      "data_store": {
        "type": "catalog",
        "properties": {
          "catalog_name": "dnap_cpg_sales_nghq_dev",
          "schema_name": "Landing_Circana_Test",
          "table_name": "geo_meta"
        }
      },
      "schema": [
        {
          "column_name": "GEOGRAPHY_KEY",
          "data_type": "decimal(38,0)",
          "nullable": true
        },
        {
          "column_name": "GEOGRAPHY_DESCRIPTION",
          "data_type": "string",
          "nullable": true
        },
        {
          "column_name": "OUTLET_NAME",
          "data_type": "string",
          "nullable": true
        },
        {
          "column_name": "PROJECTED_GEOGRAPHY_TYPE_NAME",
          "data_type": "string",
          "nullable": true
        },
        {
          "column_name": "LastModifiedDate",
          "data_type": "timestamp",
          "nullable": true
        }
      ],
      "property": {
        "primary_keys": ["GEOGRAPHY_KEY"],
        "watermark_column": null,
        "initial_watermark_value": null,
        "seq_col": [],
        "except_column_list": []
      }
    },
    "target_definition": {
      "data_store": {
        "type": "catalog",
        "properties": {
          "catalog_name": "dnap_cpg_sales_nghq_dev",
          "schema_name": "raw_circana_test",
          "table_name": "raw_geo_meta"
        }
      },
      "schema_transform_map": [
        {
          "column_name": "GEOGRAPHY_KEY",
          "source_column_name": "GEOGRAPHY_KEY",
          "type": "int",
          "derived_expression": ""
        },
        {
          "column_name": "GEOGRAPHY_DES",
          "source_column_name": "GEOGRAPHY_DESCRIPTION",
          "type": "string",
          "derived_expression": ""
        },
        {
          "column_name": "OUTLET_NAME",
          "source_column_name": "OUTLET_NAME",
          "type": "string",
          "derived_expression": ""
        },
        {
          "column_name": "LastModifiedDate",
          "source_column_name": "LastModifiedDate",
          "type": "timestamp",
          "derived_expression": "F.current_timestamp()"
        }
      ],
      "property": {
        "primary_keys": [],
        "seq_col": [],
        "partition_col": ["GEOGRAPHY_KEY"]
      }
    },
    "table_transform": {
      "dedup": {
        "enabled": true,
        "properties": {
          "keys_override": [
            ""
          ]
        }
      },
      "cdc": {
        "enabled": true,
        "properties": {
          "table_name_for_comparison": "dnap_cpg_sales_nghq_dev.bronze_circana_test_v2.bronze_geo_meta"
        }
      },
      "load_strategy": {
        "mode": "cdc append"
      }
    },
    "rules": {
      "bronze": {
        "Error": {
          "literal": {
            "rule": ""
          },
          "derived": {
            "rule": ""
          }
        },
        "Warn": {
          "literal": {
            "rule": ""
          }
        }
      }
    }
  }
}