{
  "source_to_target_definition": {
    "source_entity": {
      "data_store": {
        "type": "catalog",
        "properties": {
          "catalog_name": "<databricks_catalog_name>",
          "schema_name": "<databricks_schema_name>",
          "table_name": "<databricks_table_name>"
        }
      },
      "schema": [
        {
          "column_name": "example_key_column",
          "data_type": "decimal(38,0)",
          "nullable": true
        },
        {
          "column_name": "example_description_column",
          "data_type": "string",
          "nullable": true
        },
        {
          "column_name": "LastModifiedDate",
          "data_type": "timestamp",
          "nullable": true
        },
        {
          "column_name": "hash_key",
          "data_type": "string",
          "nullable": true
        },
        {
          "column_name": "hash_key_non_pk",
          "data_type": "string",
          "nullable": true
        },
        {
          "column_name": "operation",
          "data_type": "string",
          "nullable": true
        },
        {
          "column_name": "load_timestamp",
          "data_type": "string",
          "nullable": true
        }
      ],
      "property": {
        "primary_keys": ["hash_key"],
        "watermark_column": null,
        "initial_watermark_value": null,
        "seq_col": ["load_timestamp"],
        "except_column_list": ["operation"]
      }
    },
    "target_definition": {
      "data_store": {
        "type": "catalog",
        "properties": {
          "catalog_name": "<databricks_catalog_name>",
          "schema_name": "<example_bronze_schema_name>",
          "table_name": "<databricks_table_name>"
        }
      },
      "schema_transform_map": [
        {
          "column_name": "new_example_key_column",
          "source_column_name": "example_key_column",
          "type": "decimal(38,0)",
          "derived_expression": ""
        },
        {
          "column_name": "new_example_description_column",
          "source_column_name": "example_description_column",
          "type": "string",
          "derived_expression": ""
        },
        {
          "column_name": "source_LastModifiedDate",
          "source_column_name": "LastModifiedDate",
          "type": "timestamp",
          "derived_expression": ""
        },
        {
          "column_name": "etl_lastmodifieddate",
          "source_column_name": "",
          "type": "timestamp",
          "derived_expression": "lit(current_date())"
        }
      ],
      "property": {
        "primary_keys": [""],
        "watermark_column": "",
        "seq_col": [],
        "partition_col": []
      }
    },
    "table_transform": {
      "dedup": {
        "enabled": true,
        "properties": {
          "keys_override": [
            ""
          ]
        }
      },
      "cdc": {
        "enabled": true,
        "properties": {
          "table_name_for_comparison": "<the_table_to_compare_for_cdc>"
        }
      },
      "load_strategy": {
        "mode": "SCD_1"
      }
    },
    "rules": {
      "bronze": {
        "Error": {
          "literal": {
            "rule": ""
          },
          "derived": {
            "rule": ""
          }
        },
        "Warn": {
          "literal": {
            "rule": ""
          }
        }
      }
    }
  }
}